Brand,Model,Year,Category,Displacement (ccm),Power (hp),Torque (Nm),Fuel capacity (lts),Dry weight (kg),Seat height (mm),Cooling system,Transmission type,Gearbox,Engine stroke,Engine cylinder,URL
Yamaha,▷ Yamaha NEO´s 2022,2024,Unknown,Unknown,3,136,Unknown,90,795,Unknown,Chain,Unknown,Unknown,Unknown,https://www.motofichas.com/marcas/yamaha/neos
Yamaha,▷ Yamaha MT,2023,Unknown,890,119,93,14,189,825,Unknown,Chain,Unknown,Unknown,Unknown,https://www.motofichas.com/marcas/yamaha/mt-09-2021
Yamaha,▷ Yamaha YZ125 2025,2025,Unknown,125,96,Unknown,7,96,980,Unknown,Unknown,Unknown,Unknown,Unknown,https://www.motofichas.com/marcas/yamaha/yz125-2025
Yamaha,▷ Yamaha MT,2025,Unknown,125,15,11.5,10,142,810,Unknown,Chain,Unknown,Unknown,Unknown,https://www.motofichas.com/marcas/yamaha/mt-125
Yamaha,▷ Yamaha XSR125 2022,2024,Unknown,124,15,11.5,11,160,810,Unknown,Chain,Unknown,Unknown,Unknown,https://www.motofichas.com/marcas/yamaha/xsr125-2022
Yamaha,▷ Yamaha Kodiak 450 EPS SE 2025,2025,Unknown,421,Unknown,Unknown,14,035,855,Unknown,Chain,Unknown,Unknown,Unknown,https://www.motofichas.com/marcas/yamaha/kodiak-450-eps-se
Yamaha,▷ Yamaha MT,2024,Unknown,321,42,29.6,14,168,780,Unknown,Chain,Unknown,Unknown,Unknown,https://www.motofichas.com/marcas/yamaha/mt-03-2022
Yamaha,▷ Yamaha Niken GT 2023,2023,Unknown,890,115,90.7,18,270,Unknown,Unknown,Chain,Unknown,Unknown,Unknown,https://www.motofichas.com/marcas/yamaha/niken-gt-2023
Yamaha,▷ Yamaha MT,2023,Unknown,125,15,11.5,10,140,810,Unknown,Chain,Unknown,Unknown,Unknown,https://www.motofichas.com/marcas/yamaha/mt-125-2023
Yamaha,▷ Yamaha Ténéré 700 Explore 2024,2024,Unknown,689,73,67,16,211,860,Unknown,Chain,Unknown,Unknown,Unknown,https://www.motofichas.com/marcas/yamaha/tenere-700-explore
Yamaha,▷ Yamaha WR250F 2023,2023,Unknown,250,115,Unknown,7.9,115,955,Unknown,Chain,Unknown,Unknown,Unknown,https://www.motofichas.com/marcas/yamaha/wr250f
Yamaha,▷ Yamaha Tracer 7 2025,2025,Unknown,689,72,68,18,203,830,Unknown,Chain,Unknown,Unknown,Unknown,https://www.motofichas.com/marcas/yamaha/tracer-7
Yamaha,▷ Yamaha YZ450F 2025,2025,Unknown,449,109,Unknown,6.2,109,965,Unknown,Chain,Unknown,Unknown,Unknown,https://www.motofichas.com/marcas/yamaha/yz450f-2025
Yamaha,▷ Yamaha MT,2024,Unknown,890,119,93,14,194,825,Unknown,Chain,Unknown,Unknown,Unknown,https://www.motofichas.com/marcas/yamaha/mt-09-sp
Yamaha,▷ Yamaha YZF,2024,Unknown,998,200,113.3,17,202,860,Unknown,Chain,Unknown,Unknown,Unknown,https://www.motofichas.com/marcas/yamaha/yzf-r1-m-2020
Yamaha,▷ Yamaha YZ250 2024,2024,Unknown,249,103,Unknown,7,103,975,Unknown,Chain,Unknown,Unknown,Unknown,https://www.motofichas.com/marcas/yamaha/yz250-2024
Yamaha,▷ Yamaha MT,2023,Unknown,689,73,2023,14,184,805,Unknown,Chain,Unknown,Unknown,Unknown,https://www.motofichas.com/marcas/yamaha/mt-07-2023
Yamaha,▷ Yamaha R1 GYTR 2025,2025,Unknown,998,200,Unknown,17,201,855,Unknown,Chain,Unknown,Unknown,Unknown,https://www.motofichas.com/marcas/yamaha/r1-gytr
Yamaha,▷ Yamaha TT,2023,Unknown,124,90,Unknown,6,90,805,Unknown,Chain,Unknown,Unknown,Unknown,https://www.motofichas.com/marcas/yamaha/tt-r125
Yamaha,▷ Yamaha MT,2025,Unknown,890,119,93,14,196,825,Unknown,Chain,Unknown,Unknown,Unknown,https://www.motofichas.com/marcas/yamaha/mt-09-y-amt
Yamaha,▷ Yamaha YZ250F Monster Energy Racing Edition 2025,2025,Unknown,250,105,Unknown,6.2,105,970,Unknown,Chain,Unknown,Unknown,Unknown,https://www.motofichas.com/marcas/yamaha/yz250f-monster-energy-racing-edition
Yamaha,▷ Yamaha Tricity 125 ABS 2025,2025,Unknown,125,12,11.2,7.2,173,785,Unknown,Chain,Unknown,Unknown,Unknown,https://www.motofichas.com/marcas/yamaha/tricity-125
Yamaha,▷ Yamaha Wolverine X4 850 SE 2025,2025,Unknown,847,823,Unknown,35,823,793,Unknown,Chain,Unknown,Unknown,Unknown,https://www.motofichas.com/marcas/yamaha/wolverine-x4-850-se
Yamaha,▷ Yamaha YZ125 2024,2024,Unknown,124.9,95,Unknown,7,95,975,Unknown,Unknown,Unknown,Unknown,Unknown,https://www.motofichas.com/marcas/yamaha/yz125-2024
Yamaha,▷ Yamaha R7 2022,2025,Unknown,689,73,67,Unknown,188,Unknown,Unknown,Chain,Unknown,Unknown,Unknown,https://www.motofichas.com/marcas/yamaha/yzf-r7
Yamaha,▷ Yamaha XMAX 125 2023,2023,Unknown,124.66,12,11,13.2,167,800,Unknown,Chain,Unknown,Unknown,Unknown,https://www.motofichas.com/marcas/yamaha/xmax-125-2023
Yamaha,▷ Yamaha YZ450F 2024 50th Anniversary,2024,Unknown,449,109,Unknown,6.2,109,965,Unknown,Chain,Unknown,Unknown,Unknown,https://www.motofichas.com/marcas/yamaha/yz450f-2024-50th-anniversary
Yamaha,▷ Yamaha XSR700 2022,2024,Unknown,689,75,68,14,186,815,Unknown,Chain,Unknown,Unknown,Unknown,https://www.motofichas.com/marcas/yamaha/xsr700
Yamaha,▷ Yamaha Tracer 9 Y,2025,Unknown,889,119,93,19,224,845,Unknown,Chain,Unknown,Unknown,Unknown,https://www.motofichas.com/marcas/yamaha/tracer-9-y-amt
Yamaha,▷ Yamaha YZ250 Monster Energy Racing Edition 2025,2025,Unknown,249,103,Unknown,7,103,975,Unknown,Chain,Unknown,Unknown,Unknown,https://www.motofichas.com/marcas/yamaha/yz250-monster-energy-racing-edition
Yamaha,▷ Yamaha YZ250F 2024,2024,Unknown,250,105,Unknown,6.2,105,970,Unknown,Chain,Unknown,Unknown,Unknown,https://www.motofichas.com/marcas/yamaha/yz250f-2024
Yamaha,▷ Yamaha YZF,2024,Unknown,321,42,29.6,14,169,780,Unknown,Chain,Unknown,Unknown,Unknown,https://www.motofichas.com/marcas/yamaha/yzf-r3
Yamaha,▷ Yamaha YZ450F 2024,2024,Unknown,449,109,Unknown,6.2,109,965,Unknown,Chain,Unknown,Unknown,Unknown,https://www.motofichas.com/marcas/yamaha/yz450f-2024
Yamaha,▷ Yamaha NMAX 125 2025,2025,Unknown,125,12,11.2,7.1,132,770,Unknown,Chain,Unknown,Unknown,Unknown,https://www.motofichas.com/marcas/yamaha/nmax-125
Yamaha,▷ Yamaha YZ250F 2024 50th Anniversary,2024,Unknown,250,105,Unknown,6.2,105,970,Unknown,Chain,Unknown,Unknown,Unknown,https://www.motofichas.com/marcas/yamaha/yz250f-2024-50th-anniversary
Yamaha,▷ Yamaha Tracer 9 2021,2024,Unknown,889,119,93,18,213,810,Unknown,Chain,Unknown,Unknown,Unknown,https://www.motofichas.com/marcas/yamaha/tracer-9-2021
Yamaha,▷ Yamaha Ténéré 700 World Rally 2023,2023,Unknown,689,73,68,23,219,890,Unknown,Chain,Unknown,Unknown,Unknown,https://www.motofichas.com/marcas/yamaha/tenere-700-world-rally
Yamaha,▷ Yamaha Tricity 125 2022,2024,Unknown,125,12,11.2,7.2,168,785,Unknown,Chain,Unknown,Unknown,Unknown,https://www.motofichas.com/marcas/yamaha/tricity-125-2022
Yamaha,▷ Yamaha TT,2023,Unknown,110,7,8,3.8,72,670,Unknown,Chain,Unknown,Unknown,Unknown,https://www.motofichas.com/marcas/yamaha/tt-r110
Yamaha,▷ Yamaha MT,2025,Unknown,689,73,67,14,183,805,Unknown,Chain,Unknown,Unknown,Unknown,https://www.motofichas.com/marcas/yamaha/mt-07
Yamaha,▷ Yamaha XMAX 125 Tech MAX 2023,2023,Unknown,124.66,12,11,13.2,167,800,Unknown,Chain,Unknown,Unknown,Unknown,https://www.motofichas.com/marcas/yamaha/xmax-125-tech-max-2023
Yamaha,▷ Yamaha YZF,2024,Unknown,599,118,60,17,190,850,Unknown,Chain,Unknown,Unknown,Unknown,https://www.motofichas.com/marcas/yamaha/r6-race
Yamaha,▷ Yamaha YZ65 2023,2023,Unknown,65,61,Unknown,3.5,61,755,Unknown,Chain,Unknown,Unknown,Unknown,https://www.motofichas.com/marcas/yamaha/yz65-2023
Yamaha,▷ Yamaha XMAX 125 2025,2025,Unknown,125,12,11,13.2,167,800,Unknown,Chain,Unknown,Unknown,Unknown,https://www.motofichas.com/marcas/yamaha/xmax-125
Yamaha,▷ Yamaha XSR125 Legacy 2023,2023,Unknown,124,15,11.5,11,160,810,Unknown,Chain,Unknown,Unknown,Unknown,https://www.motofichas.com/marcas/yamaha/xsr125-legacy-2023
Yamaha,▷ Yamaha Tracer 9 GT+ Y,2025,Unknown,889,119,93,19,232,845,Unknown,Chain,Unknown,Unknown,Unknown,https://www.motofichas.com/marcas/yamaha/tracer-9-gt-plus-y-amt
Yamaha,▷ Yamaha XMAX 300 2025,2025,Unknown,292,28.01,27.6,13.2,183,795,Unknown,Chain,Unknown,Unknown,Unknown,https://www.motofichas.com/marcas/yamaha/xmax-300
Yamaha,▷ Yamaha RayZR 2024,2024,Unknown,125,8,9,5.2,99,785,Unknown,Chain,Unknown,Unknown,Unknown,https://www.motofichas.com/marcas/yamaha/rayzr
Yamaha,▷ Yamaha XSR900 2025,2025,Unknown,890,119,298,14,193,810,Unknown,Chain,Unknown,Unknown,Unknown,https://www.motofichas.com/marcas/yamaha/xsr900
Yamaha,▷ Yamaha MT,2025,Unknown,689,73,67,14,186,805,Unknown,Chain,Unknown,Unknown,Unknown,https://www.motofichas.com/marcas/yamaha/mt-07-y-amt
Yamaha,▷ Yamaha YZ85 2025,2025,Unknown,85,75,Unknown,5,75,885,Unknown,Chain,Unknown,Unknown,Unknown,https://www.motofichas.com/marcas/yamaha/yz85-2025
Yamaha,▷ Yamaha YZ250 2024 50th Anniversary,2024,Unknown,249,103,Unknown,7,103,975,Unknown,Chain,Unknown,Unknown,Unknown,https://www.motofichas.com/marcas/yamaha/yz250-2024-50th-anniversary
Yamaha,▷ Yamaha XSR900 GP 2024,2024,Unknown,889,119,7.000,14,200,835,Unknown,Chain,Unknown,Unknown,Unknown,https://www.motofichas.com/marcas/yamaha/xsr900-gp-2024
Yamaha,▷ Yamaha PW50 2023,2023,Unknown,49,39,Unknown,2,39,485,Unknown,Unknown,Unknown,Unknown,Unknown,https://www.motofichas.com/marcas/yamaha/pw50-2023
Yamaha,▷ Yamaha Ténéré 700 Extreme 2024,2024,Unknown,689,73,67,16,205,910,Unknown,Chain,Unknown,Unknown,Unknown,https://www.motofichas.com/marcas/yamaha/tenere-700-extreme
Yamaha,▷ Yamaha YZ125 2023,2023,Unknown,124.9,95,Unknown,7,95,975,Unknown,Unknown,Unknown,Unknown,Unknown,https://www.motofichas.com/marcas/yamaha/yz125-2023
Yamaha,▷ Yamaha YZ250 2025,2025,Unknown,249,103,Unknown,7,103,975,Unknown,Chain,Unknown,Unknown,Unknown,https://www.motofichas.com/marcas/yamaha/yz250-2025
Yamaha,▷ Yamaha YZ250F 2023,2023,Unknown,250,106,Unknown,6.2,106,970,Unknown,Chain,Unknown,Unknown,Unknown,https://www.motofichas.com/marcas/yamaha/yz250f-2023
Yamaha,▷ Yamaha D´elight 2021,2024,Unknown,125,8,9.8,5.5,101,800,Unknown,Chain,Unknown,Unknown,Unknown,https://www.motofichas.com/marcas/yamaha/d-elight
Yamaha,▷ Yamaha R1 Race 2025,2025,Unknown,998,200,Unknown,17,201,855,Unknown,Chain,Unknown,Unknown,Unknown,https://www.motofichas.com/marcas/yamaha/r1-race
Yamaha,▷ Yamaha YZ85 2023,2023,Unknown,84,75,Unknown,5,75,870,Unknown,Chain,Unknown,Unknown,Unknown,https://www.motofichas.com/marcas/yamaha/yz85-2023
Yamaha,▷ Yamaha XSR125 Legacy 2025,2025,Unknown,124,15,11.5,10,140,810,Unknown,Chain,Unknown,Unknown,Unknown,https://www.motofichas.com/marcas/yamaha/xsr125-legacy
Yamaha,▷ Yamaha YZF,2023,Unknown,124.7,15,11.5,11,144,820,Unknown,Chain,Unknown,Unknown,Unknown,https://www.motofichas.com/marcas/yamaha/yzf-r125-2023
Yamaha,▷ Yamaha YZF,2024,Unknown,998,200,113.3,17,201,855,Unknown,Chain,Unknown,Unknown,Unknown,https://www.motofichas.com/marcas/yamaha/yzf-r1-2020
Yamaha,▷ Yamaha R125 2025,2025,Unknown,124.7,15,11.5,11,144,820,Unknown,Chain,Unknown,Unknown,Unknown,https://www.motofichas.com/marcas/yamaha/r125
Yamaha,▷ Yamaha YZ450F Monster Energy Racing Edition 2025,2025,Unknown,449,109,Unknown,6.2,109,965,Unknown,Chain,Unknown,Unknown,Unknown,https://www.motofichas.com/marcas/yamaha/yz450f-monster-energy-racing-edition
Yamaha,▷ Yamaha XMAX 300 Tech MAX 2025,2025,Unknown,292,28,29,13.2,183,795,Unknown,Chain,Unknown,Unknown,Unknown,https://www.motofichas.com/marcas/yamaha/xmax-300-tech-max
Yamaha,▷ Yamaha WR450F 2023,2023,Unknown,449,119,Unknown,Unknown,119,955,Unknown,Chain,Unknown,Unknown,Unknown,https://www.motofichas.com/marcas/yamaha/wr450f
Yamaha,▷ Yamaha MT,2024,Unknown,998,166,9.000,17,214,835,Unknown,Chain,Unknown,Unknown,Unknown,https://www.motofichas.com/marcas/yamaha/mt-10-sp-2022
Yamaha,▷ Yamaha YZ250F 2025,2025,Unknown,250,105,Unknown,6.2,105,970,Unknown,Chain,Unknown,Unknown,Unknown,https://www.motofichas.com/marcas/yamaha/yz250f-2025
Yamaha,▷ Yamaha XSR900 2022,2024,Unknown,889,119,298,15,193,815,Unknown,Chain,Unknown,Unknown,Unknown,https://www.motofichas.com/marcas/yamaha/xsr900-2022
Yamaha,▷ Yamaha Ténéré 700 2025,2025,Unknown,689,73,68,16,208,875,Unknown,Chain,Unknown,Unknown,Unknown,https://www.motofichas.com/marcas/yamaha/tenere-700
Yamaha,▷ Yamaha Kodiak 700 EPS SE 2025,2025,Unknown,686,Unknown,Unknown,18,070,860,Unknown,Chain,Unknown,Unknown,Unknown,https://www.motofichas.com/marcas/yamaha/kodiak-700-eps-se
Yamaha,▷ Yamaha XMAX 300 2023,2023,Unknown,292,29,29,13.2,183,795,Unknown,Chain,Unknown,Unknown,Unknown,https://www.motofichas.com/marcas/yamaha/xmax-300-2023
Yamaha,▷ Yamaha YZF,2023,Unknown,998,200,113.3,17,055,855,Unknown,Chain,Unknown,Unknown,Unknown,https://www.motofichas.com/marcas/yamaha/yzf-r1-gytr
Yamaha,▷ Yamaha Tracer 9 GT Y,2025,Unknown,889,119,93,19,231,845,Unknown,Chain,Unknown,Unknown,Unknown,https://www.motofichas.com/marcas/yamaha/tracer-9-gt-y-amt
Yamaha,▷ Yamaha Wolverine X2 850 SE 2025,2025,Unknown,847,719.5,Unknown,35,719,803,Unknown,Chain,Unknown,Unknown,Unknown,https://www.motofichas.com/marcas/yamaha/wolverine-x2-850-se
Yamaha,▷ Yamaha Tracer 7 2023,2023,Unknown,689,73,67,17,196,835,Unknown,Chain,Unknown,Unknown,Unknown,https://www.motofichas.com/marcas/yamaha/tracer-7-2023
Yamaha,▷ Yamaha XSR125 2025,2025,Unknown,124,15,11.5,10,140,810,Unknown,Chain,Unknown,Unknown,Unknown,https://www.motofichas.com/marcas/yamaha/xsr125
Yamaha,▷ Yamaha Tracer 9 GT+ 2023,2023,Unknown,889,119,93,18.7,223,820,Unknown,Chain,Unknown,Unknown,Unknown,https://www.motofichas.com/marcas/yamaha/tracer-9-gt-plus-2023
Yamaha,▷ Yamaha Ténéré 700 World Raid 2022,2025,Unknown,689,73,68,23,220,890,Unknown,Chain,Unknown,Unknown,Unknown,https://www.motofichas.com/marcas/yamaha/tenere-700-world-raid-2022
Yamaha,▷ Yamaha MT,2023,Unknown,890,119,93,14,189,825,Unknown,Chain,Unknown,Unknown,Unknown,https://www.motofichas.com/marcas/yamaha/mt-09-sp-2021
Yamaha,▷ Yamaha Tricity 300 2021,2024,Unknown,292,28,20,13,239,795,Unknown,Chain,Unknown,Unknown,Unknown,https://www.motofichas.com/marcas/yamaha/tricity-300-2021
Yamaha,▷ Yamaha TMax 2025,2025,Unknown,562,47,55,15,219,800,Unknown,Chain,Unknown,Unknown,Unknown,https://www.motofichas.com/marcas/yamaha/tmax
Yamaha,▷ Yamaha TMax Tech Max 2022,2024,Unknown,560,48,55.7,15,220,800,Unknown,Chain,Unknown,Unknown,Unknown,https://www.motofichas.com/marcas/yamaha/tmax-tech-max-2022
Yamaha,▷ Yamaha YZF,2024,Unknown,599,118,60,17,190,850,Unknown,Chain,Unknown,Unknown,Unknown,https://www.motofichas.com/marcas/yamaha/yzf-r6-gytr
Yamaha,▷ Yamaha TMax Tech Max 2025,2025,Unknown,562,47,55,15,221,800,Unknown,Chain,Unknown,Unknown,Unknown,https://www.motofichas.com/marcas/yamaha/tmax-tech-max
Yamaha,▷ Yamaha YZ125 Monster Energy Racing Edition 2025,2025,Unknown,125,96,Unknown,7,96,980,Unknown,Unknown,Unknown,Unknown,Unknown,https://www.motofichas.com/marcas/yamaha/yz125-monster-energy-racing-edition
Yamaha,▷ Yamaha Tracer 7 GT 2025,2025,Unknown,689,72,68,18,212,845,Unknown,Chain,Unknown,Unknown,Unknown,https://www.motofichas.com/marcas/yamaha/tracer-7-gt
Yamaha,▷ Yamaha YZ125 2024 50th Anniversary,2024,Unknown,124.9,95,Unknown,7,95,975,Unknown,Unknown,Unknown,Unknown,Unknown,https://www.motofichas.com/marcas/yamaha/yz125-2024-50th-anniversary
Yamaha,▷ Yamaha YZ450F 2023,2023,Unknown,449,109,Unknown,6.2,109,965,Unknown,Chain,Unknown,Unknown,Unknown,https://www.motofichas.com/marcas/yamaha/yz450f-2023
Yamaha,▷ Yamaha Ténéré 700 2023,2023,Unknown,689,73,67,16,204,875,Unknown,Chain,Unknown,Unknown,Unknown,https://www.motofichas.com/marcas/yamaha/tenere-700-2023
Yamaha,▷ Yamaha YXZ1000R 2025,2025,Unknown,998,699,Unknown,34,699,Unknown,Unknown,Chain,Unknown,Unknown,Unknown,https://www.motofichas.com/marcas/yamaha/yxz1000r
Yamaha,▷ Yamaha MT,2025,Unknown,321,42,29.5,14,167,780,Unknown,Chain,Unknown,Unknown,Unknown,https://www.motofichas.com/marcas/yamaha/mt-03
Yamaha,▷ Yamaha Ténéré 700 Rally Edition 2023,2023,Unknown,689,73,67,16,204,895,Unknown,Chain,Unknown,Unknown,Unknown,https://www.motofichas.com/marcas/yamaha/tenere-700-rally-edition-2023
Yamaha,▷ Yamaha Tracer 9 GT 2021,2024,Unknown,889,119,93,18.7,220,810,Unknown,Chain,Unknown,Unknown,Unknown,https://www.motofichas.com/marcas/yamaha/tracer-9-gt-2021
Yamaha,▷ Yamaha Ténéré 700 Rally 2025,2025,Unknown,689,73,68,16,210,910,Unknown,Chain,Unknown,Unknown,Unknown,https://www.motofichas.com/marcas/yamaha/tenere-700-rally
Yamaha,▷ Yamaha XMAX 300 Tech MAX 2023,2023,Unknown,292,28,29,13.2,183,795,Unknown,Chain,Unknown,Unknown,Unknown,https://www.motofichas.com/marcas/yamaha/xmax-300-tech-max-2023
Yamaha,▷ Yamaha TMax 2022,2024,Unknown,560,48,55.7,15,218,800,Unknown,Chain,Unknown,Unknown,Unknown,https://www.motofichas.com/marcas/yamaha/tmax-2022
Yamaha,▷ Yamaha MT,2023,Unknown,689,73,67,14,184,805,Unknown,Chain,Unknown,Unknown,Unknown,https://www.motofichas.com/marcas/yamaha/mt-07-pure-2023
Yamaha,▷ Yamaha XMAX 125 Tech MAX 2025,2025,Unknown,124.66,12,11,13.2,167,800,Unknown,Chain,Unknown,Unknown,Unknown,https://www.motofichas.com/marcas/yamaha/xmax-125-tech-max
Yamaha,▷ Yamaha Tracer 7 GT 2023,2023,Unknown,689,73,67,2023,196,835,Unknown,Chain,Unknown,Unknown,Unknown,https://www.motofichas.com/marcas/yamaha/tracer-7-gt-2023
Yamaha,▷ Yamaha NMAX 125 Tech Max 2025,2025,Unknown,125,12,11.2,7.1,132,770,Unknown,Chain,Unknown,Unknown,Unknown,https://www.motofichas.com/marcas/yamaha/nmax-125-tech-max
Yamaha,▷ Yamaha MT,2024,Unknown,890,119,7.000,14,193,825,Unknown,Chain,Unknown,Unknown,Unknown,https://www.motofichas.com/marcas/yamaha/mt-09
Yamaha,▷ Yamaha Tracer 9 2025,2025,Unknown,889,119,93,19,219,845,Unknown,Chain,Unknown,Unknown,Unknown,https://www.motofichas.com/marcas/yamaha/tracer-9
Yamaha,▷ Yamaha Tracer 9 GT 2025,2025,Unknown,889,119,93,19,227,845,Unknown,Chain,Unknown,Unknown,Unknown,https://www.motofichas.com/marcas/yamaha/tracer-9-gt
Yamaha,▷ Yamaha NMAX 125 2021,2024,Unknown,125,12,11.2,7.1,131,765,Unknown,Chain,Unknown,Unknown,Unknown,https://www.motofichas.com/marcas/yamaha/nmax-125-2021
Yamaha,▷ Yamaha YZ65 2025,2025,Unknown,65,61,Unknown,3.5,61,755,Unknown,Chain,Unknown,Unknown,Unknown,https://www.motofichas.com/marcas/yamaha/yz65-2025
Yamaha,▷ Yamaha MT,2024,Unknown,998,166,112,17,212,835,Unknown,Chain,Unknown,Unknown,Unknown,https://www.motofichas.com/marcas/yamaha/mt-10
Yamaha,▷ Yamaha XSR700 Legacy 2023,2023,Unknown,689,75,68,14,190,815,Unknown,Chain,Unknown,Unknown,Unknown,https://www.motofichas.com/marcas/yamaha/xsr700-legacy-2023
Yamaha,▷ Yamaha Tricity 300 2025,2025,Unknown,292,28,28.9,13,239,795,Unknown,Chain,Unknown,Unknown,Unknown,https://www.motofichas.com/marcas/yamaha/tricity-300
Yamaha,▷ Yamaha YZ250 2023,2023,Unknown,249,103,Unknown,7,103,975,Unknown,Chain,Unknown,Unknown,Unknown,https://www.motofichas.com/marcas/yamaha/yz250-2023
